作者,作者 ID,标题,年份,来源出版物名称,卷,期,论文编号,起始页码,结束页码,页码计数,施引文献,DOI,链接,文献类型,出版阶段,开放获取,来源出版物,EID
"Acharya, V.V., Gündüz, Y., Johnson, T.C.","7005203497;22934049200;55462711000;","Bank use of sovereign CDS in the Eurozone crisis: Hedging and risk incentives",2022,"Journal of Financial Intermediation","50",,"100964","","",,,"10.1016/j.jfi.2022.100964","https://www.scopus.com/inward/record.uri?eid=2-s2.0-85127816770&doi=10.1016%2fj.jfi.2022.100964&partnerID=40&md5=b5b8adc4a129f238352d8661eef92c36",Article,"Final","All Open Access, Green",Scopus,2-s2.0-85127816770
"Acharya, V., Pierret, D., Steffen, S.","7005203497;55221078800;36449251800;","Lender of last resort, buyer of last resort, and a fear of fire sales in the sovereign bond market*",2021,"Financial Markets, Institutions and Instruments","30","4",,"87","112",,1,"10.1111/fmii.12143","https://www.scopus.com/inward/record.uri?eid=2-s2.0-85105481310&doi=10.1111%2ffmii.12143&partnerID=40&md5=14e25786fbc6252c2788ae3ee9be99b9",Article,"Final","",Scopus,2-s2.0-85105481310
"Acharya, V.V., Borchert, L., Jager, M., Steffen, S.","7005203497;57226725703;57222315389;36449251800;","Kicking the Can down the Road: Government Interventions in the European Banking Sector",2021,"Review of Financial Studies","34","9",,"4090","4131",,5,"10.1093/rfs/hhab002","https://www.scopus.com/inward/record.uri?eid=2-s2.0-85114616085&doi=10.1093%2frfs%2fhhab002&partnerID=40&md5=c0a95b17554230b2143efccfea10474b",Review,"Final","All Open Access, Green",Scopus,2-s2.0-85114616085
"Acharya, V.V., Almeida, H., Ippolito, F., Perez-Orive, A.","7005203497;7006030950;54406859800;23571135100;","Credit Lines and the Liquidity Insurance Channel",2021,"Journal of Money, Credit and Banking","53","5",,"901","938",,,"10.1111/jmcb.12821","https://www.scopus.com/inward/record.uri?eid=2-s2.0-85105407822&doi=10.1111%2fjmcb.12821&partnerID=40&md5=c5fc45e6ec2602aaa3b12d6acc265a53",Article,"Final","",Scopus,2-s2.0-85105407822
"Acharya, V., Gabarro, M., Volpin, P.","7005203497;57201375578;6507065503;","Competition for managers and corporate governance",2021,"Journal of Law, Finance, and Accounting","6","1",,"179","219",,,"10.1561/108.00000053","https://www.scopus.com/inward/record.uri?eid=2-s2.0-85105813960&doi=10.1561%2f108.00000053&partnerID=40&md5=99cc6d32c5a17dc70b2094ba7637359f",Article,"Final","",Scopus,2-s2.0-85105813960
"Acharya, V.V., Steffen, S.","7005203497;36449251800;","The risk of being a fallen angel and the corporate dash for cash in the midst of COVID",2020,"Review of Corporate Finance Studies","9","3",,"430","471",,60,"10.1093/rcfs/cfaa013","https://www.scopus.com/inward/record.uri?eid=2-s2.0-85095569993&doi=10.1093%2frcfs%2fcfaa013&partnerID=40&md5=861e0575059fb460b257535c5d743c5b",Article,"Final","All Open Access, Bronze, Green",Scopus,2-s2.0-85095569993
"Acharya, V.V., Imbierowicz, B., Steffen, S., Teichmann, D.","7005203497;55586336300;36449251800;26036557800;","Does the lack of financial stability impair the transmission of monetary policy?",2020,"Journal of Financial Economics","138","2",,"342","365",,8,"10.1016/j.jfineco.2020.06.011","https://www.scopus.com/inward/record.uri?eid=2-s2.0-85088126191&doi=10.1016%2fj.jfineco.2020.06.011&partnerID=40&md5=f654578b2bfff2e7a239f3145e8859df",Article,"Final","All Open Access, Green",Scopus,2-s2.0-85088126191
"Acharya, V., Almeida, H., Ippolito, F., Orive, A.P.","7005203497;7006030950;54406859800;57208392038;","Bank lines of credit as contingent liquidity: Covenant violations and their implications",2020,"Journal of Financial Intermediation","44",,"100817","","",,9,"10.1016/j.jfi.2019.03.004","https://www.scopus.com/inward/record.uri?eid=2-s2.0-85064672413&doi=10.1016%2fj.jfi.2019.03.004&partnerID=40&md5=d0578d69108e1c5e1d3e3fce70d94368",Article,"Final","",Scopus,2-s2.0-85064672413
"Acharya, V.V.","7005203497;","Improving Monetary Transmission Through the Banking Channel: The Case for External Benchmarks in Bank Loans",2020,"Vikalpa","45","1",,"32","41",,,"10.1177/0256090920917492","https://www.scopus.com/inward/record.uri?eid=2-s2.0-85083264831&doi=10.1177%2f0256090920917492&partnerID=40&md5=f6bc917452efce4d2ba3582e74cad133",Article,"Final","All Open Access, Gold",Scopus,2-s2.0-85083264831
"Acharya, V.V., Pedersen, L.H.","7005203497;7201717879;","Economics with market liquidity risk",2019,"Critical Finance Review","8","1-2",,"111","125",,2,"10.1561/104.00000083","https://www.scopus.com/inward/record.uri?eid=2-s2.0-85077008823&doi=10.1561%2f104.00000083&partnerID=40&md5=cff3724d6a6462d5e9961acca1cb0f54",Article,"Final","All Open Access, Green",Scopus,2-s2.0-85077008823
"Acharya, V.V., Eisert, T., Eufinger, C., Hirsch, C.","7005203497;57203783948;57200036440;36198209900;","Whatever It Takes: The Real Effects of Unconventional Monetary Policy",2019,"Review of Financial Studies","32","9",,"3366","3411",,73,"10.1093/rfs/hhz005","https://www.scopus.com/inward/record.uri?eid=2-s2.0-85073521590&doi=10.1093%2frfs%2fhhz005&partnerID=40&md5=62a7c2e8e413b0d91eb0795237f0bea4",Article,"Final","All Open Access, Hybrid Gold, Green",Scopus,2-s2.0-85073521590
"Acharya, V.V., Eisert, T., Eufinger, C., Hirsch, C.","7005203497;57203783948;57200036440;36198209900;","Whatever It Takes: The Real Effects of Unconventional Monetary Policy",2019,"American Historical Review","124","2",,"3366","3411",,1,"10.1093/rfs/hhz005","https://www.scopus.com/inward/record.uri?eid=2-s2.0-85084398721&doi=10.1093%2frfs%2fhhz005&partnerID=40&md5=a2421bb7757768881c8a989dcab96e98",Article,"Final","All Open Access, Hybrid Gold, Green",Scopus,2-s2.0-85084398721
"Acharya, V., Naqvi, H.","7005203497;35330561200;","On reaching for yield and the coexistence of bubbles and negative bubbles",2019,"Journal of Financial Intermediation","38",,,"1","10",,17,"10.1016/j.jfi.2018.08.001","https://www.scopus.com/inward/record.uri?eid=2-s2.0-85054135256&doi=10.1016%2fj.jfi.2018.08.001&partnerID=40&md5=e86197354d8e3ece54878c4f59bcd015",Article,"Final","",Scopus,2-s2.0-85054135256
"Acharya, V.V., Eisert, T., Eufinger, C., Hirsch, C.","7005203497;57203783948;57200036440;36198209900;","Real effects of the sovereign debt crisis in Europe: Evidence from syndicated loans",2018,"Review of Financial Studies","31","8",,"2855","2896",,74,"10.1093/rfs/hhy045","https://www.scopus.com/inward/record.uri?eid=2-s2.0-85050094305&doi=10.1093%2frfs%2fhhy045&partnerID=40&md5=0bce0dc94b4f67754b8bf4d1f27d7490",Article,"Final","All Open Access, Bronze",Scopus,2-s2.0-85050094305
"Acharya, V.V.","7005203497;","Understanding and managing interest rate risk at banks",2018,"Macroeconomics and Finance in Emerging Market Economies","11","2",,"218","231",,2,"10.1080/17520843.2018.1473458","https://www.scopus.com/inward/record.uri?eid=2-s2.0-85049613961&doi=10.1080%2f17520843.2018.1473458&partnerID=40&md5=cd03eef6abec2a35a7e154c03a9a4d09",Article,"Final","",Scopus,2-s2.0-85049613961
"Acharya, V.V., Berger, A.N., Roman, R.A.","7005203497;7402970440;57146742400;","Lending implications of U.S. bank stress tests: Costs or benefits?",2018,"Journal of Financial Intermediation","34",,,"58","90",,36,"10.1016/j.jfi.2018.01.004","https://www.scopus.com/inward/record.uri?eid=2-s2.0-85041909247&doi=10.1016%2fj.jfi.2018.01.004&partnerID=40&md5=058e9532caa4e5894a6f5ba4d012a972",Article,"Final","",Scopus,2-s2.0-85041909247
"Acharya, V.V., Eisert, T., Eufinger, C., Hirsch, C.","7005203497;57203783948;57200036440;36198209900;","Same story, different place?: Post-crisis recapitalization of banks in Japan and Europe",2018,"Finance and Investment: The European Case",,,,"137","147",,,"10.1093/oso/9780198815815.003.0007","https://www.scopus.com/inward/record.uri?eid=2-s2.0-85052961425&doi=10.1093%2foso%2f9780198815815.003.0007&partnerID=40&md5=95532b88c9579c145c2f77557c3fbfde",Book Chapter,"Final","",Scopus,2-s2.0-85052961425
"Das, A., Mohapatra, S., Gokarn, S., Sander, F.G., Subbarao, D., Chinoy, S.Z., Gupta, A.S., Bhattacharya, S., Acharya, V.V.","14063095200;36915564800;36893243800;57195956308;36675966300;15736798600;7410387392;57195958394;7005203497;","India’s International Integration and Challenges to Sustaining Growth",2017,"Vikalpa","42","3",,"168","205",,,"10.1177/0256090917721781","https://www.scopus.com/inward/record.uri?eid=2-s2.0-85030457837&doi=10.1177%2f0256090917721781&partnerID=40&md5=a1f6b96c3b6a5c3a1341ae9323869cbc",Article,"Final","All Open Access, Gold",Scopus,2-s2.0-85030457837
"Acharya, V., Xu, Z.","7005203497;57201504177;","Financial dependence and innovation: The case of public versus private firms",2017,"Journal of Financial Economics","124","2",,"223","243",,166,"10.1016/j.jfineco.2016.02.010","https://www.scopus.com/inward/record.uri?eid=2-s2.0-84959423275&doi=10.1016%2fj.jfineco.2016.02.010&partnerID=40&md5=5820895019cb5c6a95761cc922f12745",Article,"Final","All Open Access, Green",Scopus,2-s2.0-84959423275
"Acharya, V.V., Afonso, G., Kovner, A.","7005203497;37017243300;23050720200;","How do global banks scramble for liquidity? Evidence from the asset-backed commercial paper freeze of 2007",2017,"Journal of Financial Intermediation","30",,,"1","34",,13,"10.1016/j.jfi.2016.02.002","https://www.scopus.com/inward/record.uri?eid=2-s2.0-84962050702&doi=10.1016%2fj.jfi.2016.02.002&partnerID=40&md5=a74c2e71fd2ce0af5242badd7fcaae29",Article,"Final","All Open Access, Green",Scopus,2-s2.0-84962050702
"Acharya, V.V., Le, H.T., Shin, H.S.","7005203497;57639729700;7404012037;","Bank Capital and Dividend Externalities",2017,"Review of Financial Studies","30","3",,"988","1018",,2,"10.1093/rfs/hhw096","https://www.scopus.com/inward/record.uri?eid=2-s2.0-85114998230&doi=10.1093%2frfs%2fhhw096&partnerID=40&md5=c18ff32520af16e9b14ac2cf8045a6dc",Article,"Final","All Open Access, Green",Scopus,2-s2.0-85114998230
"Acharya, V.V.","7005203497;","Financial sector health since 2007: A comparative analysis of the United States, Europe, and Asia",2017,"RSF","3","1",,"122","137",,1,"10.7758/rsf.2017.3.1.07","https://www.scopus.com/inward/record.uri?eid=2-s2.0-85056903226&doi=10.7758%2frsf.2017.3.1.07&partnerID=40&md5=1c90b20a8305ca8d24644b6efa4ad5d1",Review,"Final","All Open Access, Gold, Green",Scopus,2-s2.0-85056903226
"Acharya, V.V., Le, H.T., Shin, H.S.","7005203497;57639729700;7404012037;","Bank capital and dividend externalities",2017,"Review of Financial Studies","30","3",,"988","1018",,26,"10.1093/rfs/hhw09","https://www.scopus.com/inward/record.uri?eid=2-s2.0-85014475670&doi=10.1093%2frfs%2fhhw09&partnerID=40&md5=3bdeb3f4965391787f15137306bae842",Conference Paper,"Final","",Scopus,2-s2.0-85014475670
"Acharya, V.V., Pedersen, L.H., Philippon, T., Richardson, M.","7005203497;7201717879;23013052900;7401976575;","Measuring systemic risk",2017,"Review of Financial Studies","30","1",,"2","47",,516,"10.1093/rfs/hhw088","https://www.scopus.com/inward/record.uri?eid=2-s2.0-85014233811&doi=10.1093%2frfs%2fhhw088&partnerID=40&md5=216a1b92dd1e3488aa0d0a8d0dc52ed3",Article,"Final","All Open Access, Bronze, Green",Scopus,2-s2.0-85014233811
"Acharya, V.V., Fleming, M.J., Hrung, W.B., Sarkar, A.","7005203497;35982180300;6602368215;7202674979;","Dealer financial conditions and lender-of-last-resort facilities",2017,"Journal of Financial Economics","123","1",,"81","107",,8,"10.1016/j.jfineco.2015.12.004","https://www.scopus.com/inward/record.uri?eid=2-s2.0-85000461297&doi=10.1016%2fj.jfineco.2015.12.004&partnerID=40&md5=0232f1a8b5f75117b38352be3804a234",Article,"Final","All Open Access, Green",Scopus,2-s2.0-85000461297
"Acharya, V.V., Steffen, S.","7005203497;36449251800;","Capital Markets Union in Europe: Why Other Unions Must Lead the Way",2016,"Swiss Journal of Economics and Statistics","152","4",,"319","329",,3,"10.1007/BF03399431","https://www.scopus.com/inward/record.uri?eid=2-s2.0-85085424421&doi=10.1007%2fBF03399431&partnerID=40&md5=660b213f4fd1922b75b1545103f4482b",Article,"Final","All Open Access, Hybrid Gold, Green",Scopus,2-s2.0-85085424421
"Acharya, V.V., Thakor, A.V.","7005203497;6701596295;","The dark side of liquidity creation: Leverage and systemic risk",2016,"Journal of Financial Intermediation","28",,,"4","21",,44,"10.1016/j.jfi.2016.08.004","https://www.scopus.com/inward/record.uri?eid=2-s2.0-85003758519&doi=10.1016%2fj.jfi.2016.08.004&partnerID=40&md5=41b68d1d6e6b04080fe8cd737e64cb2b",Article,"Final","",Scopus,2-s2.0-85003758519
"Acharya, V., Pagano, M., Volpin, P.","7005203497;7201963120;6507065503;","Seeking Alpha: Excess Risk Taking and Competition for Managerial Talent",2016,"Review of Financial Studies","29","10",,"2565","2599",,28,"10.1093/rfs/hhw036","https://www.scopus.com/inward/record.uri?eid=2-s2.0-84992386043&doi=10.1093%2frfs%2fhhw036&partnerID=40&md5=b08e16a233adfa7859b65a62ef2a360c",Conference Paper,"Final","All Open Access, Green",Scopus,2-s2.0-84992386043
"Acharya, V.V., Ryan, S.G.","7005203497;35574572600;","Banks' Financial Reporting and Financial System Stability",2016,"Journal of Accounting Research","54","2",,"277","340",,87,"10.1111/1475-679X.12114","https://www.scopus.com/inward/record.uri?eid=2-s2.0-84963614541&doi=10.1111%2f1475-679X.12114&partnerID=40&md5=12b4571183521daaebcebaf8a550d8d4",Article,"Final","",Scopus,2-s2.0-84963614541
"Acharya, V.V., Mehran, H., Thakor, A.V.","7005203497;6602258898;6701596295;","Caught between scylla and Charybdis? Regulating bank leverage when there is rent seeking and risk shifting",2016,"Review of Corporate Finance Studies","5","1",,"36","75",,48,"10.1093/rcfs/cfv006","https://www.scopus.com/inward/record.uri?eid=2-s2.0-85071589681&doi=10.1093%2frcfs%2fcfv006&partnerID=40&md5=902bf30792f0ab17a8d8ac23da774e87",Article,"Final","All Open Access, Green",Scopus,2-s2.0-85071589681
"Acharya, V., Subramanian, K.V.","7005203497;35273563300;","State intervention in banking: The relative health of indian public sector and private sector banks",2016,"Monetary Policy in India: A Modern Macroeconomic Perspective",,,,"195","230",,3,"10.1007/978-81-322-2840-0_7","https://www.scopus.com/inward/record.uri?eid=2-s2.0-85018077592&doi=10.1007%2f978-81-322-2840-0_7&partnerID=40&md5=1543cfdbcb19e5c72ecb9a7c79c70fa0",Book Chapter,"Final","All Open Access, Green",Scopus,2-s2.0-85018077592
"Acharya, V.V., Almeida, H., Baker, M.","7005203497;7006030950;7403075430;","Introduction: New perspectives on corporate capital structures",2015,"Journal of Financial Economics","118","3",,"551","552",,3,"10.1016/j.jfineco.2015.06.010","https://www.scopus.com/inward/record.uri?eid=2-s2.0-84947612002&doi=10.1016%2fj.jfineco.2015.06.010&partnerID=40&md5=9c3cea33c3d4ca729950a7b530ffe808",Editorial,"Final","",Scopus,2-s2.0-84947612002
"Acharya, V.V., Lambrecht, B.M.","7005203497;7005792509;","A theory of income smoothing when insiders know more than outsiders",2015,"Review of Financial Studies","28","9",,"2534","2574",,35,"10.1093/rfs/hhv026","https://www.scopus.com/inward/record.uri?eid=2-s2.0-84943327866&doi=10.1093%2frfs%2fhhv026&partnerID=40&md5=3cc161914e411db52803660f68c05d79",Review,"Final","All Open Access, Green",Scopus,2-s2.0-84943327866
"Acharya, V.V., Schaefer, S., Zhang, Y.","7005203497;24291737200;57211246201;","Liquidity Risk and Correlation Risk: A Clinical Study of the General Motors and Ford Downgrade of May 2005",2015,"Quarterly Journal of Finance","5","2","1550006","","",,19,"10.1142/S2010139215500068","https://www.scopus.com/inward/record.uri?eid=2-s2.0-84946904727&doi=10.1142%2fS2010139215500068&partnerID=40&md5=8572a0ed78d703138b177423531b5bfa",Article,"Final","",Scopus,2-s2.0-84946904727
"Acharya, V.V., Mora, N.","7005203497;47061790600;","A crisis of banks as liquidity providers",2015,"Journal of Finance","70","1",,"1","43",,149,"10.1111/jofi.12182","https://www.scopus.com/inward/record.uri?eid=2-s2.0-84923013988&doi=10.1111%2fjofi.12182&partnerID=40&md5=560b2f4cd8841f34237672d62be15047",Article,"Final","",Scopus,2-s2.0-84923013988
"Acharya, V.V., Steffen, S.","7005203497;36449251800;","The ""greatest"" carry trade ever? Understanding eurozone bank risks",2015,"Journal of Financial Economics","115","2",,"215","236",,228,"10.1016/j.jfineco.2014.11.004","https://www.scopus.com/inward/record.uri?eid=2-s2.0-84921503772&doi=10.1016%2fj.jfineco.2014.11.004&partnerID=40&md5=09673a8c68c69e744dea92078c763897",Article,"Final","",Scopus,2-s2.0-84921503772
"Acharya, V., Drechsler, I., Schnabl, P.","7005203497;36699503000;26323861300;","A Pyrrhic Victory? Bank Bailouts and Sovereign Credit Risk",2014,"Journal of Finance","69","6",,"2689","2739",,328,"10.1111/jofi.12206","https://www.scopus.com/inward/record.uri?eid=2-s2.0-84900403656&doi=10.1111%2fjofi.12206&partnerID=40&md5=94c8bdb078d403b062772d0607975018",Article,"Final","All Open Access, Green",Scopus,2-s2.0-84900403656
"Acharya, V., Calomiris, C.W.","7005203497;6603792210;","A macroprudential policy framework for the EU and its member states",2014,"Geneva Reports on the World Economy",,"December 2014",,"145","160",,,,"https://www.scopus.com/inward/record.uri?eid=2-s2.0-84946168614&partnerID=40&md5=57029d3bdc65fe57d95cf11403b95373",Article,"Final","",Scopus,2-s2.0-84946168614
"Acharya, V.V., Tuckman, B.","7005203497;6603786547;","Unintended consequences of LOLR facilities: The case of illiquid leverage",2014,"IMF Economic Review","62","4",,"606","655",,6,"10.1057/imfer.2014.26","https://www.scopus.com/inward/record.uri?eid=2-s2.0-84927135194&doi=10.1057%2fimfer.2014.26&partnerID=40&md5=e3921ed560e1d7e5ed89df85e806d61a",Conference Paper,"Final","",Scopus,2-s2.0-84927135194
"Acharya, V., Engle, R., Pierret, D.","7005203497;7005725549;55221078800;","Testing macroprudential stress tests: The risk of regulatory risk weights",2014,"Journal of Monetary Economics","65",,,"36","53",,101,"10.1016/j.jmoneco.2014.04.014","https://www.scopus.com/inward/record.uri?eid=2-s2.0-84904466737&doi=10.1016%2fj.jmoneco.2014.04.014&partnerID=40&md5=81864de89d181c09470d770cbf0ad04c",Article,"Final","All Open Access, Green",Scopus,2-s2.0-84904466737
"Acharya, V., Almeida, H., Ippolito, F., Perez, A.","7005203497;7006030950;54406859800;23571135100;","Credit lines as monitored liquidity insurance: Theory and evidence",2014,"Journal of Financial Economics","112","3",,"287","319",,60,"10.1016/j.jfineco.2014.02.001","https://www.scopus.com/inward/record.uri?eid=2-s2.0-84899942636&doi=10.1016%2fj.jfineco.2014.02.001&partnerID=40&md5=a4d222b2a3396ff1f177d127d32cf476",Article,"Final","All Open Access, Green",Scopus,2-s2.0-84899942636
"Acharya, V.V., Baghai, R.P., Subramanian, K.V.","7005203497;55979359500;35273563300;","Wrongful discharge laws and innovation",2014,"Review of Financial Studies","27","1",,"301","346",,171,"10.1093/rfs/hht009","https://www.scopus.com/inward/record.uri?eid=2-s2.0-84891450591&doi=10.1093%2frfs%2fhht009&partnerID=40&md5=4eddf1ac685cc5255fa3059be3687ab9",Article,"Final","All Open Access, Green",Scopus,2-s2.0-84891450591
"Acharya, V., Bisin, A.","7005203497;6603061995;","Counterparty risk externality: Centralized versus over-the-counter markets",2014,"Journal of Economic Theory","149","1",,"153","182",,67,"10.1016/j.jet.2013.07.001","https://www.scopus.com/inward/record.uri?eid=2-s2.0-84890316950&doi=10.1016%2fj.jet.2013.07.001&partnerID=40&md5=c4b6650cb37d6d11cf3823acda17bbb6",Article,"Final","",Scopus,2-s2.0-84890316950
"Acharya, V., Richardson, M., Van Nieuwerburgh, S., White, L.J.","7005203497;7401976575;8567181500;7402226219;","Guaranteed to fail: Fannie mae and freddie mac and what to do about them",2013,"Economists' Voice","10","1",,"15","19",,,"10.1515/ev-2013-0002","https://www.scopus.com/inward/record.uri?eid=2-s2.0-84907605884&doi=10.1515%2fev-2013-0002&partnerID=40&md5=dfb08a3cb03aa3f3912fd4227dcbeb81",Article,"Final","",Scopus,2-s2.0-84907605884
"Acharya, V.V., Khandwala, H., Sabri Öncü, T.","7005203497;55883483800;55583665400;","The growth of a shadow banking system in emerging markets: Evidence from India",2013,"Journal of International Money and Finance","39",,,"207","230",,34,"10.1016/j.jimonfin.2013.06.024","https://www.scopus.com/inward/record.uri?eid=2-s2.0-84887020500&doi=10.1016%2fj.jimonfin.2013.06.024&partnerID=40&md5=d42f203c705caa7f0f08dd8583892522",Article,"Final","",Scopus,2-s2.0-84887020500
"Acharya, V.V., Baghai, R.P., Subramanian, K.V.","7005203497;55979359500;35273563300;","Labor laws and innovation",2013,"Journal of Law and Economics","56","4",,"997","1037",,112,"10.1086/674106","https://www.scopus.com/inward/record.uri?eid=2-s2.0-84894557905&doi=10.1086%2f674106&partnerID=40&md5=35050b02570437f6050e7aedad364fd9",Article,"Final","All Open Access, Green",Scopus,2-s2.0-84894557905
"Acharya, V.V., Amihud, Y., Bharath, S.T.","7005203497;6602730596;17341897700;","Liquidity risk of corporate bond returns: Conditional approach",2013,"Journal of Financial Economics","110","2",,"358","386",,113,"10.1016/j.jfineco.2013.08.002","https://www.scopus.com/inward/record.uri?eid=2-s2.0-84884414783&doi=10.1016%2fj.jfineco.2013.08.002&partnerID=40&md5=9b1479b9955e9d33b9a1757425c706a4",Article,"Final","",Scopus,2-s2.0-84884414783
"Acharya, V.V., Almeida, H., Campello, M.","7005203497;7006030950;6603697614;","Aggregate risk and the choice between cash and lines of credit",2013,"Journal of Finance","68","5",,"2059","2116",,113,"10.1111/jofi.12056","https://www.scopus.com/inward/record.uri?eid=2-s2.0-84883716688&doi=10.1111%2fjofi.12056&partnerID=40&md5=1c428908e97b910bcca2991a7060c347",Article,"Final","All Open Access, Green",Scopus,2-s2.0-84883716688
"Acharya, V.V., Lochstoer, L.A., Ramadorai, T.","7005203497;35272589700;16025606000;","Limits to arbitrage and hedging: Evidence from commodity markets",2013,"Journal of Financial Economics","109","2",,"441","465",,149,"10.1016/j.jfineco.2013.03.003","https://www.scopus.com/inward/record.uri?eid=2-s2.0-84878982362&doi=10.1016%2fj.jfineco.2013.03.003&partnerID=40&md5=900223711c2f56ec3f5fc7adcbb896dc",Article,"Final","All Open Access, Green",Scopus,2-s2.0-84878982362
"Acharya, V.V., Rajan, R.G.","7005203497;7101892426;","Sovereign debt, government myopia, and the financial sector",2013,"Review of Financial Studies","26","6",,"1526","1560",,48,"10.1093/rfs/hht011","https://www.scopus.com/inward/record.uri?eid=2-s2.0-84877897703&doi=10.1093%2frfs%2fhht011&partnerID=40&md5=e26ac9dc564e89b8f81eabe7c8dd8c86",Article,"Final","All Open Access, Green",Scopus,2-s2.0-84877897703
"Acharya, V.V., Shin, H.S., Yorulmazer, T.","7005203497;7404012037;23483171200;","A theory of arbitrage capital",2013,"Review of Corporate Finance Studies","2","1",,"62","97",,11,"10.1093/rcfs/cfs006","https://www.scopus.com/inward/record.uri?eid=2-s2.0-84892729477&doi=10.1093%2frcfs%2fcfs006&partnerID=40&md5=5794a565da9baf92762d9aa0af724dac",Article,"Final","",Scopus,2-s2.0-84892729477
"Acharya, V.V., Schnabl, P., Suarez, G.","7005203497;26323861300;55620524500;","Securitization without risk transfer",2013,"Journal of Financial Economics","107","3",,"515","536",,272,"10.1016/j.jfineco.2012.09.004","https://www.scopus.com/inward/record.uri?eid=2-s2.0-84875524543&doi=10.1016%2fj.jfineco.2012.09.004&partnerID=40&md5=13fd3816e7d5ca75e6caaa24a1f0b067",Article,"Final","All Open Access, Green",Scopus,2-s2.0-84875524543
"Acharya, V.V., Gottschalg, O.F., Hahn, M., Kehoe, C.","7005203497;55897178800;55566886500;14619239100;","Corporate governance and value creation: Evidence from private equity",2013,"Review of Financial Studies","26","2",,"368","402",,115,"10.1093/rfs/hhs117","https://www.scopus.com/inward/record.uri?eid=2-s2.0-84872733814&doi=10.1093%2frfs%2fhhs117&partnerID=40&md5=2b72a1ff1e8b990a465cf0b6da05d240",Review,"Final","All Open Access, Green",Scopus,2-s2.0-84872733814
"Acharya, V.V., Öncü, T.S.","7005203497;55583665400;","A proposal for the resolution of systemically important assets and liabilities: The case of the repo market",2013,"International Journal of Central Banking","9","SUPPL.1",,"291","349",,24,,"https://www.scopus.com/inward/record.uri?eid=2-s2.0-84873457848&partnerID=40&md5=387e65fd29c5fb68d4e09992f5d73640",Article,"Final","",Scopus,2-s2.0-84873457848
"Acharya, V.V., Goldstein, I.","7005203497;8520304400;","Special Issue: Research on the Financial Crisis",2013,"Journal of Financial Intermediation","22","1",,"1","3",,1,"10.1016/j.jfi.2012.11.001","https://www.scopus.com/inward/record.uri?eid=2-s2.0-84871770726&doi=10.1016%2fj.jfi.2012.11.001&partnerID=40&md5=4d4f2ff6bce56e04c8f413b27f71f1bb",Article,"Final","",Scopus,2-s2.0-84871770726
"Acharya, V.V., Merrouche, O.","7005203497;24177217400;","Precautionary hoarding of liquidity and interbank markets: Evidence from the subprime crisis",2013,"Review of Finance","17","1",,"107","160",,135,"10.1093/rof/rfs022","https://www.scopus.com/inward/record.uri?eid=2-s2.0-84871182670&doi=10.1093%2frof%2frfs022&partnerID=40&md5=97d4d4eba6b7c497b44e660cc98569a4",Article,"Final","All Open Access, Green",Scopus,2-s2.0-84871182670
"Acharya, V., Davydenko, S.A., Strebulaev, I.A.","7005203497;23024275400;18635114500;","Cash holdings and credit risk",2012,"Review of Financial Studies","25","12",,"3572","3609",,128,"10.1093/rfs/hhs106","https://www.scopus.com/inward/record.uri?eid=2-s2.0-84869453280&doi=10.1093%2frfs%2fhhs106&partnerID=40&md5=5ebdac2981f37afba1afa966159dd928",Article,"Final","",Scopus,2-s2.0-84869453280
"Acharya, V., Naqvi, H.","7005203497;35330561200;","The seeds of a crisis: A theory of bank liquidity and risk taking over the business cycle",2012,"Journal of Financial Economics","106","2",,"349","366",,217,"10.1016/j.jfineco.2012.05.014","https://www.scopus.com/inward/record.uri?eid=2-s2.0-84865558621&doi=10.1016%2fj.jfineco.2012.05.014&partnerID=40&md5=4f3768fe6f52e62701d3741d8e524d28",Article,"Final","All Open Access, Green",Scopus,2-s2.0-84865558621
"Acharya, V.V.","7005203497;","Governments as shadow banks: The looming threat to financial stability",2012,"Texas Law Review","90","7",,"1745","1774",,7,,"https://www.scopus.com/inward/record.uri?eid=2-s2.0-84867835903&partnerID=40&md5=267b3434a3e6941c7ef70ba9a96aeda7",Article,"Final","",Scopus,2-s2.0-84867835903
"Acharya, V.V., Richardson, M.","7005203497;7401976575;","Implications of the dodd-frank act",2012,"Annual Review of Financial Economics","4",,,"1","38",,13,"10.1146/annurev-financial-030912-140516","https://www.scopus.com/inward/record.uri?eid=2-s2.0-84882443511&doi=10.1146%2fannurev-financial-030912-140516&partnerID=40&md5=62f8ea201d8d4602e4130199be37911a",Conference Paper,"Final","",Scopus,2-s2.0-84882443511
"Acharya, V., Engle, R., Richardson, M.","7005203497;7005725549;7401976575;","Capital shortfall: A new approach to ranking and regulating systemic risks",2012,"American Economic Review","102","3",,"59","64",,432,"10.1257/aer.102.3.59","https://www.scopus.com/inward/record.uri?eid=2-s2.0-84863219715&doi=10.1257%2faer.102.3.59&partnerID=40&md5=aee2859b75ad68de258b5f7330971742",Conference Paper,"Final","",Scopus,2-s2.0-84863219715
"Acharya, V.V., Gromb, D., Yorulmazer, T.","7005203497;6602659594;23483171200;","Imperfect competition in the interbank market for liquidity as a rationale for central banking",2012,"American Economic Journal: Macroeconomics","4","2",,"184","217",,77,"10.1257/mac.4.2.184","https://www.scopus.com/inward/record.uri?eid=2-s2.0-84864964280&doi=10.1257%2fmac.4.2.184&partnerID=40&md5=bcb10b18e2a02e97bd210be91e0a2ceb",Article,"Final","All Open Access, Green",Scopus,2-s2.0-84864964280
"Acharya, V.V., Richardson, M.","7005203497;7401976575;","Restoring Financial Stability: How to Repair a Failed System",2012,"Restoring Financial Stability: How to Repair a Failed System",,,,"","",401,161,"10.1002/9781118258163","https://www.scopus.com/inward/record.uri?eid=2-s2.0-84891584856&doi=10.1002%2f9781118258163&partnerID=40&md5=472867f9eb5eacec7115091b7d9220a2",Book,"Final","",Scopus,2-s2.0-84891584856
"Cooley, T.F., Philippon, T., Acharya, V.V., Pedersen, L.H., Richardson, M.","7004449292;23013052900;7005203497;7201717879;7401976575;","Regulating Systemic Risk",2012,"Restoring Financial Stability: How to Repair a Failed System",,,,"277","303",,5,"10.1002/9781118258163.ch13","https://www.scopus.com/inward/record.uri?eid=2-s2.0-84886208614&doi=10.1002%2f9781118258163.ch13&partnerID=40&md5=f1ef0728e779fde6d92dbaddf2726553",Book Chapter,"Final","",Scopus,2-s2.0-84886208614
"Acharya, V.V., Sundaram, R.K., Carpenter, J.N., Gabaix, X., John, K., Richardson, M., Subrahmanyam, M.G., Zemel, E.","7005203497;7005922758;7402041076;55897948300;7102914448;7401976575;7102420227;6603762783;","Corporate Governance in the Modern Financial Sector",2012,"Restoring Financial Stability: How to Repair a Failed System",,,,"179","196",,2,"10.1002/9781118258163.ch7","https://www.scopus.com/inward/record.uri?eid=2-s2.0-84886200226&doi=10.1002%2f9781118258163.ch7&partnerID=40&md5=53704c860085eb27321c148a899bf8a4",Book Chapter,"Final","",Scopus,2-s2.0-84886200226
"Cooley, T.F., Philippon, T., Acharya, V.V., Sundaram, R.K.","7004449292;23013052900;7005203497;7005922758;","The Financial Sector Bailout: Sowing the Seeds of the Next Crisis?",2012,"Restoring Financial Stability: How to Repair a Failed System",,,,"323","339",,,"10.1002/9781118258163.ch15","https://www.scopus.com/inward/record.uri?eid=2-s2.0-84886197067&doi=10.1002%2f9781118258163.ch15&partnerID=40&md5=045170e0b1f01ff55fd78a0cbadf0845",Book Chapter,"Final","",Scopus,2-s2.0-84886197067
"Acharya, V.V., Schnabl, P.","7005203497;26323861300;","How Banks Played the Leverage Game",2012,"Restoring Financial Stability: How to Repair a Failed System",,,,"83","100",,30,"10.1002/9781118258163.ch2","https://www.scopus.com/inward/record.uri?eid=2-s2.0-84886187016&doi=10.1002%2f9781118258163.ch2&partnerID=40&md5=1549809e8a6d864e85eab2a86307fd3c",Book Chapter,"Final","",Scopus,2-s2.0-84886187016
"Acharya, V.V., Brenner, M., Engle, R.F., Lynch, A.W., Richardson, M.","7005203497;7402358415;7005725549;7102636841;7401976575;","Derivatives: The Ultimate Financial Innovation",2012,"Restoring Financial Stability: How to Repair a Failed System",,,,"229","249",,,"10.1002/9781118258163.ch10","https://www.scopus.com/inward/record.uri?eid=2-s2.0-84886185854&doi=10.1002%2f9781118258163.ch10&partnerID=40&md5=c1b46822d0bdc863ee1723b9d7feb2c6",Book Chapter,"Final","",Scopus,2-s2.0-84886185854
"Acharya, V.V., Backus, D.K.","7005203497;6601996611;","Private Lessons for Public Banking: The Case for Conditionality in LOLR Facilities",2012,"Restoring Financial Stability: How to Repair a Failed System",,,,"305","321",,5,"10.1002/9781118258163.ch14","https://www.scopus.com/inward/record.uri?eid=2-s2.0-84886171079&doi=10.1002%2f9781118258163.ch14&partnerID=40&md5=fb6221029d2d00b8ac8aace41d47fe93",Book Chapter,"Final","",Scopus,2-s2.0-84886171079
"Acharya, V.V., Wachtel, P., Walter, I.","7005203497;55774469700;7005460714;","International Alignment of Financial Sector Regulation",2012,"Restoring Financial Stability: How to Repair a Failed System",,,,"363","376",,4,"10.1002/9781118258163.ch18","https://www.scopus.com/inward/record.uri?eid=2-s2.0-84886150287&doi=10.1002%2f9781118258163.ch18&partnerID=40&md5=86fe7674f5a5e940b563040c6ac59476",Book Chapter,"Final","",Scopus,2-s2.0-84886150287
"Acharya, V.V., Engle, R.F., Figlewski, S., Lynch, A.W., Subrahmanyam, M.G.","7005203497;7005725549;6506027461;7102636841;7102420227;","Centralized Clearing for Credit Derivatives",2012,"Restoring Financial Stability: How to Repair a Failed System",,,,"251","268",,9,"10.1002/9781118258163.ch11","https://www.scopus.com/inward/record.uri?eid=2-s2.0-84886135352&doi=10.1002%2f9781118258163.ch11&partnerID=40&md5=e72510324cb17441633a9e6e18fb5297",Book Chapter,"Final","",Scopus,2-s2.0-84886135352
"Acharya, V.V., Philippon, T., Richardson, M., Roubini, N.","7005203497;23013052900;7401976575;6602144540;","Prologue: A Bird's-Eye View: The Financial Crisis of 2007-2009: Causes and Remedies",2012,"Restoring Financial Stability: How to Repair a Failed System",,,,"1","56",,10,"10.1002/9781118258163","https://www.scopus.com/inward/record.uri?eid=2-s2.0-84883052168&doi=10.1002%2f9781118258163&partnerID=40&md5=4e186c3b7cb0de76f94b7384bcc017e0",Book Chapter,"Final","",Scopus,2-s2.0-84883052168
"Acharya, V.V., Kulkarni, N.","7005203497;54388194500;","What Saved the Indian Banking System: State Ownership or State Guarantees?",2012,"World Economy","35","1",,"19","31",,21,"10.1111/j.1467-9701.2011.01382.x","https://www.scopus.com/inward/record.uri?eid=2-s2.0-84856018854&doi=10.1111%2fj.1467-9701.2011.01382.x&partnerID=40&md5=bf65bd3f1f8e0904c8f878fee9b0cc29",Article,"Final","",Scopus,2-s2.0-84856018854
"Acharya, V.V., Richardson, M.","7005203497;7401976575;","How securitization concentrated risk in the financial sector",2011,"What Caused the Financial Crisis",,,,"183","199",,4,,"https://www.scopus.com/inward/record.uri?eid=2-s2.0-84897312102&partnerID=40&md5=f4ed20b03ddf24c55c6c9e06762f5dce",Book Chapter,"Final","",Scopus,2-s2.0-84897312102
"Acharya, V.V., Cooley, T., Richardson, M., Walter, I.","7005203497;7004449292;7401976575;7005460714;","Market failures and regulatory failures: Lessons from past and present financial crises",2011,"Financial Market Regulation and Reforms in Emerging Markets",,,,"27","74",,4,,"https://www.scopus.com/inward/record.uri?eid=2-s2.0-84895025539&partnerID=40&md5=d44434f9ef0c4f65566c65fc35610b52",Book Chapter,"Final","",Scopus,2-s2.0-84895025539
"Acharya, V.V., DeMarzo, P., Kremer, I.","7005203497;6603640103;7102019306;","Endogenous information flows and the clustering of announcements",2011,"American Economic Review","101","7",,"2955","2979",,59,"10.1257/aer.101.7.2955","https://www.scopus.com/inward/record.uri?eid=2-s2.0-83755224690&doi=10.1257%2faer.101.7.2955&partnerID=40&md5=81ea1d673b92d71ed4c65cdcb05be6d1",Article,"Final","All Open Access, Green",Scopus,2-s2.0-83755224690
"Acharya, V.V., Cooley, T.F., Richardson, M., Walter, I.","7005203497;7004449292;7401976575;7005460714;","Preface",2011,"Regulating Wall Street: The Dodd-Frank Act and the New Architecture of Global Finance",,,,"xvii","xviii",,6,"10.1002/9781118258231","https://www.scopus.com/inward/record.uri?eid=2-s2.0-84886220285&doi=10.1002%2f9781118258231&partnerID=40&md5=5da1117e7a811c25ecb9a01be8beb38b",Editorial,"Final","",Scopus,2-s2.0-84886220285
"Acharya, V.V., Shachar, O., Subrahmanyam, M.","7005203497;55810318600;7102420227;","Regulating OTC Derivatives",2011,"Regulating Wall Street: The Dodd-Frank Act and the New Architecture of Global Finance",,,,"367","425",,6,"10.1002/9781118258231.ch13","https://www.scopus.com/inward/record.uri?eid=2-s2.0-84886198968&doi=10.1002%2f9781118258231.ch13&partnerID=40&md5=a7b142c4e1986077b0a8904af228e88c",Book Chapter,"Final","",Scopus,2-s2.0-84886198968
"Acharya, V.V., Brownlees, C., Engle, R., Farazmand, F., Richardson, M.","7005203497;15062419300;7005725549;55897115800;7401976575;","Measuring Systemic Risk",2011,"Regulating Wall Street: The Dodd-Frank Act and the New Architecture of Global Finance",,,,"85","119",,8,"10.1002/9781118258231.ch4","https://www.scopus.com/inward/record.uri?eid=2-s2.0-84886188711&doi=10.1002%2f9781118258231.ch4&partnerID=40&md5=740a3bc62f11969ac1f26200fd120c60",Book Chapter,"Final","",Scopus,2-s2.0-84886188711
"Acharya, V.V., Adler, B., Richardson, M., Roubini, N.","7005203497;35996215600;7401976575;6602144540;","Resolution Authority",2011,"Regulating Wall Street: The Dodd-Frank Act and the New Architecture of Global Finance",,,,"213","240",,8,"10.1002/9781118258231.ch8","https://www.scopus.com/inward/record.uri?eid=2-s2.0-84886163342&doi=10.1002%2f9781118258231.ch8&partnerID=40&md5=10b7b38d5ed6f7187af1b4b8217fc135",Book Chapter,"Final","",Scopus,2-s2.0-84886163342
"Acharya, V.V., Kulkarni, N., Richardson, M.","7005203497;54388194500;7401976575;","Capital, Contingent Capital, and Liquidity Requirements",2011,"Regulating Wall Street: The Dodd-Frank Act and the New Architecture of Global Finance",,,,"143","180",,9,"10.1002/9781118258231.ch6","https://www.scopus.com/inward/record.uri?eid=2-s2.0-84886149114&doi=10.1002%2f9781118258231.ch6&partnerID=40&md5=7f773ee3f720c47dadf13b61865db23d",Book Chapter,"Final","",Scopus,2-s2.0-84886149114
"Acharya, V.V., Cooley, T., Richardson, M., Sylla, R., Walter, I.","7005203497;7004449292;7401976575;57204229720;7005460714;","Prologue: A Bird's-Eye View: The Dodd-Frank Wall Street Reform and Consumer Protection Act",2011,"Regulating Wall Street: The Dodd-Frank Act and the New Architecture of Global Finance",,,,"1","32",,5,"10.1002/9781118258231","https://www.scopus.com/inward/record.uri?eid=2-s2.0-84886108017&doi=10.1002%2f9781118258231&partnerID=40&md5=b107e2d34a5d80a6933b813e8df68c94",Book Chapter,"Final","",Scopus,2-s2.0-84886108017
"Acharya, V.V., Biggs, J., Le, H., Richardson, M., Ryan, S.","7005203497;57220542933;57205944633;7401976575;35574572600;","Systemic Risk and the Regulation of Insurance Companies",2011,"Regulating Wall Street: The Dodd-Frank Act and the New Architecture of Global Finance",,,,"241","301",,10,"10.1002/9781118258231.ch9","https://www.scopus.com/inward/record.uri?eid=2-s2.0-84886105528&doi=10.1002%2f9781118258231.ch9&partnerID=40&md5=9fdcf95e56a63cc9347d326fc9bb2e2d",Book Chapter,"Final","",Scopus,2-s2.0-84886105528
"Acharya, V.V., Pedersen, L., Philippon, T., Richardson, M.","7005203497;7201717879;23013052900;7401976575;","Taxing Systemic Risk",2011,"Regulating Wall Street: The Dodd-Frank Act and the New Architecture of Global Finance",,,,"121","142",,9,"10.1002/9781118258231.ch5","https://www.scopus.com/inward/record.uri?eid=2-s2.0-84863185186&doi=10.1002%2f9781118258231.ch5&partnerID=40&md5=c7acc252814996d0dcbecf0da01b904d",Book Chapter,"Final","",Scopus,2-s2.0-84863185186
"Acharya, V.V., Cooley, T.F., Richardson, M., Walter, I.","7005203497;7004449292;7401976575;7005460714;","Regulating Wall Street: The Dodd-Frank Act and the New Architecture of Global Finance",2011,"Regulating Wall Street: The Dodd-Frank Act and the New Architecture of Global Finance",,,,"","",573,70,"10.1002/9781118258231","https://www.scopus.com/inward/record.uri?eid=2-s2.0-84856557599&doi=10.1002%2f9781118258231&partnerID=40&md5=e76f6b9037507fa439de463f1fe98ccb",Book,"Final","",Scopus,2-s2.0-84856557599
"Acharya, V.V., Öncü, T.S.","7005203497;55583665400;","The Repurchase Agreement (Repo) Market",2011,"Regulating Wall Street: The Dodd-Frank Act and the New Architecture of Global Finance",,,,"319","350",,14,"10.1002/9781118258231.ch11","https://www.scopus.com/inward/record.uri?eid=2-s2.0-80955161929&doi=10.1002%2f9781118258231.ch11&partnerID=40&md5=d1f1b6880eaac92a5d5dda9cd5ebe873",Book Chapter,"Final","",Scopus,2-s2.0-80955161929
"Acharya, V.V., Öncü, T.S., Richardson, M., Nieuwerburgh, S.V., White, L.J.","7005203497;55583665400;7401976575;8567181500;7402226219;","The Government-Sponsored Enterprises",2011,"Regulating Wall Street: The Dodd-Frank Act and the New Architecture of Global Finance",,,,"427","442",,3,"10.1002/9781118258231.ch14","https://www.scopus.com/inward/record.uri?eid=2-s2.0-79960206736&doi=10.1002%2f9781118258231.ch14&partnerID=40&md5=cfb31917e6a7107aa8b4bfd1eb0f8b40",Book Chapter,"Final","",Scopus,2-s2.0-79960206736
"Acharya, V.V., Amihud, Y., Litov, L.","7005203497;6602730596;24476471800;","Creditor rights and corporate risk-taking",2011,"Journal of Financial Economics","102","1",,"150","166",,243,"10.1016/j.jfineco.2011.04.001","https://www.scopus.com/inward/record.uri?eid=2-s2.0-84860389511&doi=10.1016%2fj.jfineco.2011.04.001&partnerID=40&md5=7c88fb0e6c043e48bd8059b39f4fc9ab",Article,"Final","All Open Access, Green",Scopus,2-s2.0-84860389511
"Acharya, V.V., Gale, D., Yorulmazer, T.","7005203497;7102730996;23483171200;","Rollover risk and market freezes",2011,"Journal of Finance","66","4",,"1177","1209",,134,"10.1111/j.1540-6261.2011.01669.x","https://www.scopus.com/inward/record.uri?eid=2-s2.0-79960544991&doi=10.1111%2fj.1540-6261.2011.01669.x&partnerID=40&md5=f138307b701153cb4883b977d3aeee5c",Article,"Final","All Open Access, Green",Scopus,2-s2.0-79960544991
"Acharya, V.V., Skeie, D.","7005203497;24437312900;","A model of liquidity hoarding and term premia in inter-bank markets",2011,"Journal of Monetary Economics","58","5",,"436","447",,78,"10.1016/j.jmoneco.2011.05.006","https://www.scopus.com/inward/record.uri?eid=2-s2.0-80053563140&doi=10.1016%2fj.jmoneco.2011.05.006&partnerID=40&md5=13dad702d5e1c59a00d4a43e7b1c2fe5",Article,"Final","All Open Access, Green",Scopus,2-s2.0-80053563140
"Acharya, V.V., Shin, H.S., Yorulmazer, T.","7005203497;7404012037;23483171200;","Crisis resolution and bank liquidity",2011,"Review of Financial Studies","24","6",,"2166","2205",,112,"10.1093/rfs/hhq073","https://www.scopus.com/inward/record.uri?eid=2-s2.0-79957493913&doi=10.1093%2frfs%2fhhq073&partnerID=40&md5=938c869578d4e991a119cb9e31290325",Article,"Final","All Open Access, Green",Scopus,2-s2.0-79957493913
"Acharya, V.V., Myers, S.C., Rajan, R.G.","7005203497;7402640677;7101892426;","The Internal Governance of Firms",2011,"Journal of Finance","66","3",,"689","720",,102,"10.1111/j.1540-6261.2011.01649.x","https://www.scopus.com/inward/record.uri?eid=2-s2.0-79956264841&doi=10.1111%2fj.1540-6261.2011.01649.x&partnerID=40&md5=fc276d3dad55d7516089322a6f3e441b",Article,"Final","All Open Access, Green",Scopus,2-s2.0-79956264841
"Acharya, V.V., Richardson, M., van Nieuwerburgh, S., White, L.J.","7005203497;7401976575;8567181500;7402226219;","Guaranteed to fail: Fannie Mae, Freddie Mac, and the debacle of mortgage finance",2011,"Guaranteed to Fail: Fannie Mae, Freddie Mac, and the Debacle of Mortgage Finance",,,,"1","222",,49,,"https://www.scopus.com/inward/record.uri?eid=2-s2.0-84924811641&partnerID=40&md5=4255c9abc8ea1a2f046a8258a477b52e",Book,"Final","",Scopus,2-s2.0-84924811641
"Acharya, V.V., Richardson, M., Van Nieuwerburgh, S., White, L.J.","7005203497;7401976575;8567181500;7402226219;","Guaranteed to fail: Fannie Mae, Freddie Mac, and the debacle of mortgage finance",2011,"Guaranteed to Fail: Fannie Mae, Freddie Mac, and the Debacle of Mortgage Finance",,,,"","",222,43,,"https://www.scopus.com/inward/record.uri?eid=2-s2.0-84883996047&partnerID=40&md5=1cc01595a09de98031830eda5173979c",Book,"Final","",Scopus,2-s2.0-84883996047
"Acharya, V.V., Viswanathan, S.","7005203497;54885038500;","Leverage, Moral Hazard, and Liquidity",2011,"Journal of Finance","66","1",,"99","138",,156,"10.1111/j.1540-6261.2010.01627.x","https://www.scopus.com/inward/record.uri?eid=2-s2.0-78650989436&doi=10.1111%2fj.1540-6261.2010.01627.x&partnerID=40&md5=72bd1f2056ca9c968c1c3f1a59feb758",Article,"Final","All Open Access, Green",Scopus,2-s2.0-78650989436
"Acharya, V.V., Imbs, J., Sturgess, J.","7005203497;7103113827;55855132100;","Finance and efficiency: Do bank branching regulations matter",2011,"Review of Finance","15","1",,"135","172",,24,"10.1093/rof/rfq009","https://www.scopus.com/inward/record.uri?eid=2-s2.0-78751554118&doi=10.1093%2frof%2frfq009&partnerID=40&md5=5025a0ada68586136d876fa62d2030d4",Article,"Final","All Open Access, Green",Scopus,2-s2.0-78751554118
"Acharya, V.V., Sundaram, R.K., John, K.","7005203497;7005922758;7102914448;","Cross-country variations in capital structures: The role of bankruptcy codes",2011,"Journal of Financial Intermediation","20","1",,"25","54",,41,"10.1016/j.jfi.2010.02.001","https://www.scopus.com/inward/record.uri?eid=2-s2.0-78649502860&doi=10.1016%2fj.jfi.2010.02.001&partnerID=40&md5=a2df8bfdd6c51dc4d19190f0532e5ce3",Article,"Final","All Open Access, Green",Scopus,2-s2.0-78649502860
"Acharya, V.V., Johnson, T.C.","7005203497;55462711000;","More insiders, more insider trading: Evidence from private-equity buyouts",2010,"Journal of Financial Economics","98","3",,"500","523",,58,"10.1016/j.jfineco.2010.08.002","https://www.scopus.com/inward/record.uri?eid=2-s2.0-77957347045&doi=10.1016%2fj.jfineco.2010.08.002&partnerID=40&md5=7331b4fe4b8a53bdd66125e012519459",Article,"Final","",Scopus,2-s2.0-77957347045
"Acharya, V.V., Schnabl, P.","7005203497;26323861300;","Do global banks spread global imbalances? Asset-backed commercial paper during the financial crisis of 2007-09",2010,"IMF Economic Review","58","1",,"37","73",,134,"10.1057/imfer.2010.4","https://www.scopus.com/inward/record.uri?eid=2-s2.0-79952185301&doi=10.1057%2fimfer.2010.4&partnerID=40&md5=4a66accf66fa98ae3c2459b69e6d6187",Article,"Final","",Scopus,2-s2.0-79952185301
"Acharya, V.V., Volpin, P.F.","7005203497;6507065503;","Corporate Governance Externalities",2010,"Review of Finance","14","1",,"1","33",,63,"10.1093/rof/rfp002","https://www.scopus.com/inward/record.uri?eid=2-s2.0-76549101802&doi=10.1093%2frof%2frfp002&partnerID=40&md5=5ab64a857759524959a9b6378ee6c022",Article,"Final","All Open Access, Green",Scopus,2-s2.0-76549101802
"Acharya, V.","7005203497;","Comment on ""The Macroeconomics of Money Market Freezes"" by Max Bruche and Javier Suarez",2010,"Journal of Monetary Economics","57","1",,"62","63",,1,"10.1016/j.jmoneco.2009.11.006","https://www.scopus.com/inward/record.uri?eid=2-s2.0-73749088327&doi=10.1016%2fj.jmoneco.2009.11.006&partnerID=40&md5=edacb533b4c105b14443fca9635e5feb",Note,"Final","",Scopus,2-s2.0-73749088327
"Acharya, V.V., Cooley, T., Richardson, M., Walter, I.","7005203497;7004449292;7401976575;7005460714;","Manufacturing tail risk: A perspective on the financial crisis of 2007-2009",2009,"Foundations and Trends in Finance","4","4",,"247","325",,65,"10.1561/0500000025","https://www.scopus.com/inward/record.uri?eid=2-s2.0-79960267843&doi=10.1561%2f0500000025&partnerID=40&md5=561fd29db0bc2a992c0b9ee36d1df38f",Review,"Final","",Scopus,2-s2.0-79960267843
"Acharya, V.V., Subramanian, K.V.","7005203497;35273563300;","Bankruptcy codes and innovation",2009,"Review of Financial Studies","22","12",,"4949","4988",,198,"10.1093/rfs/hhp019","https://www.scopus.com/inward/record.uri?eid=2-s2.0-73449099954&doi=10.1093%2frfs%2fhhp019&partnerID=40&md5=80e2d775837f9928913ec54093a12c57",Article,"Final","",Scopus,2-s2.0-73449099954
"Acharya, V.V., Bisin, A.","7005203497;6603061995;","Managerial hedging, equity ownership, and firm value",2009,"RAND Journal of Economics","40","1",,"47","77",,34,"10.1111/j.1756-2171.2008.00055.x","https://www.scopus.com/inward/record.uri?eid=2-s2.0-66249132115&doi=10.1111%2fj.1756-2171.2008.00055.x&partnerID=40&md5=59c6f14764d470cacf1ac0874624184d",Article,"Final","",Scopus,2-s2.0-66249132115
"Acharya, V.V.","7005203497;","A theory of systemic risk and design of prudential bank regulation",2009,"Journal of Financial Stability","5","3",,"224","255",,313,"10.1016/j.jfs.2009.02.001","https://www.scopus.com/inward/record.uri?eid=2-s2.0-67349271076&doi=10.1016%2fj.jfs.2009.02.001&partnerID=40&md5=d632632f15763b12ba20f2b2ec64684f",Article,"Final","",Scopus,2-s2.0-67349271076
"Acharya, V.V., Richardson, M.","7005203497;7401976575;","Causes of the financial crisis",2009,"Critical Review","21","2-3",,"195","210",,212,"10.1080/08913810902952903","https://www.scopus.com/inward/record.uri?eid=2-s2.0-68949090683&doi=10.1080%2f08913810902952903&partnerID=40&md5=13d2f7ffb13fa685d5edfd90a904af21",Article,"Final","",Scopus,2-s2.0-68949090683
"Acharya, V.V., Brenner, M., Engle, R., Lynch, A., Richardson, M.","7005203497;7402358415;7005725549;7102636841;7401976575;","Derivatives - The ultimate financial innovation: Chapter 10: Executive summary",2009,"Financial Markets, Institutions and Instruments","18","2",,"166","167",,1,"10.1111/j.1468-0416.2009.00147_16.x","https://www.scopus.com/inward/record.uri?eid=2-s2.0-62249205131&doi=10.1111%2fj.1468-0416.2009.00147_16.x&partnerID=40&md5=13c93ebdbef29fab29b35fe8340eed43",Article,"Final","",Scopus,2-s2.0-62249205131
"Acharya, V.V., Schnabl, P.","7005203497;26323861300;","How banks played the leverage ""game"": Chapter 2: Executive summary",2009,"Financial Markets, Institutions and Instruments","18","2",,"144","145",,2,"10.1111/j.1468-0416.2009.00147_5.x","https://www.scopus.com/inward/record.uri?eid=2-s2.0-62249170071&doi=10.1111%2fj.1468-0416.2009.00147_5.x&partnerID=40&md5=389e382bf197ce3fa427b564a9db6cf9",Article,"Final","",Scopus,2-s2.0-62249170071
"Acharya, V.V., Sundaram, R.","7005203497;7005922758;","The financial sector ""bailout"": Sowing the seeds of the next crisis?: Chapter 15: Executive summary",2009,"Financial Markets, Institutions and Instruments","18","2",,"180","182",,1,"10.1111/j.1468-0416.2009.00147_23.x","https://www.scopus.com/inward/record.uri?eid=2-s2.0-62249160049&doi=10.1111%2fj.1468-0416.2009.00147_23.x&partnerID=40&md5=12aee7b411bf445036bbf7cf9352a79a",Article,"Final","",Scopus,2-s2.0-62249160049
"Acharya, V.V., Wachtel, P., Walter, I.","7005203497;55774469700;7005460714;","International alignment of financial sector regulation: Chapter 18: Executive summary",2009,"Financial Markets, Institutions and Instruments","18","2",,"188","190",,4,"10.1111/j.1468-0416.2009.00147_27.x","https://www.scopus.com/inward/record.uri?eid=2-s2.0-62249152574&doi=10.1111%2fj.1468-0416.2009.00147_27.x&partnerID=40&md5=f10875227553bec15c1554fe318744e4",Article,"Final","",Scopus,2-s2.0-62249152574
"Acharya, V.V., Carpenter, J., Gabaix, X., John, K., Richardson, M., Subrahmanyam, M., Sundaram, R., Zemel, E.","7005203497;7402041076;55897948300;7102914448;7401976575;7102420227;7005922758;6603762783;","Corporate governance in the modern financial sector: Chapter 7: Executive summary",2009,"Financial Markets, Institutions and Instruments","18","2",,"158","159",,,"10.1111/j.1468-0416.2009.00147_12.x","https://www.scopus.com/inward/record.uri?eid=2-s2.0-62249145543&doi=10.1111%2fj.1468-0416.2009.00147_12.x&partnerID=40&md5=824b7919d1305485a383e7862c8ec030",Article,"Final","",Scopus,2-s2.0-62249145543
"Acharya, V., Philippon, T., Richardson, M., Roubini, N.","7005203497;23013052900;7401976575;6602144540;","The financial crisis of 2007-2009: Causes and remedies",2009,"Financial Markets, Institutions and Instruments","18","2",,"89","137",,130,"10.1111/j.1468-0416.2009.00147_2.x","https://www.scopus.com/inward/record.uri?eid=2-s2.0-62249139563&doi=10.1111%2fj.1468-0416.2009.00147_2.x&partnerID=40&md5=858e35f42cccb1724075c2b8d2a4af06",Article,"Final","",Scopus,2-s2.0-62249139563
"Acharya, V.V., Backus, D.","7005203497;6601996611;","Private lessons for public banking: The case for conditionality in LOLR facilities: Chapter 14: Executive summary",2009,"Financial Markets, Institutions and Instruments","18","2",,"176","178",,,"10.1111/j.1468-0416.2009.00147_21.x","https://www.scopus.com/inward/record.uri?eid=2-s2.0-62249135273&doi=10.1111%2fj.1468-0416.2009.00147_21.x&partnerID=40&md5=8a44c3f537df5c9f4a3f61fee703f50a",Article,"Final","",Scopus,2-s2.0-62249135273
"Acharya, V.V., Engle, R., Figlewski, S., Lynch, A., Subrahmanyam, M.","7005203497;7005725549;6506027461;7102636841;7102420227;","Centralized clearing for credit derivatives: Chapter 11: Executive summary",2009,"Financial Markets, Institutions and Instruments","18","2",,"168","170",,3,"10.1111/j.1468-0416.2009.00147_17.x","https://www.scopus.com/inward/record.uri?eid=2-s2.0-62249131613&doi=10.1111%2fj.1468-0416.2009.00147_17.x&partnerID=40&md5=d1683f431e42b9d4cd664c52ef96b9cb",Article,"Final","",Scopus,2-s2.0-62249131613
"Acharya, V.V., Pedersen, L., Philippon, T., Richardson, M.","7005203497;7201717879;23013052900;7401976575;","Regulating systemic risk: Chapter 13: Executive summary",2009,"Financial Markets, Institutions and Instruments","18","2",,"174","175",,2,"10.1111/j.1468-0416.2009.00147_20.x","https://www.scopus.com/inward/record.uri?eid=2-s2.0-62249104512&doi=10.1111%2fj.1468-0416.2009.00147_20.x&partnerID=40&md5=a89f8d9c4697e681cd29b15ad7909003",Article,"Final","",Scopus,2-s2.0-62249104512
"Richardson, M., Acharya, V.V.","7401976575;7005203497;","Government guarantees: Why the genie needs to be put back in the bottle",2009,"Economists' Voice","6","11","2","","",,3,"10.2202/1553-3832.1668","https://www.scopus.com/inward/record.uri?eid=2-s2.0-71949115761&doi=10.2202%2f1553-3832.1668&partnerID=40&md5=b25c53d0d8d7518f4d496480f5f674c9",Article,"Final","",Scopus,2-s2.0-71949115761
"Acharya, V.V., Yorulmazer, T.","7005203497;23483171200;","Cash-in-the-market pricing and optimal resolution of bank failures",2008,"Review of Financial Studies","21","6",,"2705","2742",,134,"10.1093/rfs/hhm078","https://www.scopus.com/inward/record.uri?eid=2-s2.0-57349187822&doi=10.1093%2frfs%2fhhm078&partnerID=40&md5=6597e73c0360a850b4e4e115a10c9dbb",Article,"Final","All Open Access, Green",Scopus,2-s2.0-57349187822
"Acharya, V.V., Yorulmazer, T.","7005203497;23483171200;","Information contagion and bank herding",2008,"Journal of Money, Credit and Banking","40","1",,"215","231",,106,"10.1111/j.1538-4616.2008.00110.x","https://www.scopus.com/inward/record.uri?eid=2-s2.0-38749139183&doi=10.1111%2fj.1538-4616.2008.00110.x&partnerID=40&md5=da013f54c2313ca115647b4853798614",Short Survey,"Final","",Scopus,2-s2.0-38749139183
"Acharya, V.V., Almeida, H., Campello, M.","7005203497;7006030950;6603697614;","Is cash negative debt? A hedging perspective on corporate financial policies",2007,"Journal of Financial Intermediation","16","4",,"515","554",,355,"10.1016/j.jfi.2007.04.001","https://www.scopus.com/inward/record.uri?eid=2-s2.0-34648830566&doi=10.1016%2fj.jfi.2007.04.001&partnerID=40&md5=3b88b37fa6dd3f7007a2cf232f99b6b9",Article,"Final","All Open Access, Green",Scopus,2-s2.0-34648830566
"Acharya, V.V., Bharath, S.T., Srinivasan, A.","7005203497;17341897700;8278696800;","Does industry-wide distress affect defaulted firms? Evidence from creditor recoveries",2007,"Journal of Financial Economics","85","3",,"787","821",,278,"10.1016/j.jfineco.2006.05.011","https://www.scopus.com/inward/record.uri?eid=2-s2.0-34547689672&doi=10.1016%2fj.jfineco.2006.05.011&partnerID=40&md5=a52e35b4586ac11ff4cec9d7a3716778",Article,"Final","",Scopus,2-s2.0-34547689672
"Acharya, V.V., Johnson, T.C.","7005203497;55462711000;","Insider trading in credit derivatives",2007,"Journal of Financial Economics","84","1",,"110","141",,344,"10.1016/j.jfineco.2006.05.003","https://www.scopus.com/inward/record.uri?eid=2-s2.0-33947501532&doi=10.1016%2fj.jfineco.2006.05.003&partnerID=40&md5=aeb01b3b9e1668a476178235d3891678",Article,"Final","",Scopus,2-s2.0-33947501532
"Acharya, V.V., Yorulmazer, T.","7005203497;23483171200;","Too many to fail-An analysis of time-inconsistency in bank closure policies",2007,"Journal of Financial Intermediation","16","1",,"1","31",,251,"10.1016/j.jfi.2006.06.001","https://www.scopus.com/inward/record.uri?eid=2-s2.0-33845312648&doi=10.1016%2fj.jfi.2006.06.001&partnerID=40&md5=83f70bcb861154d2d31f42cb8ca19d25",Article,"Final","",Scopus,2-s2.0-33845312648
"Acharya, V., Huang, J.-Z., Subrahmanyam, M., Sundaram, R.K.","7005203497;7408100572;7102420227;7005922758;","When does Strategic Debt-service Matter?",2006,"Economic Theory","29","2",,"363","378",,29,"10.1007/s00199-005-0035-9","https://www.scopus.com/inward/record.uri?eid=2-s2.0-33747863983&doi=10.1007%2fs00199-005-0035-9&partnerID=40&md5=17170be1336ad9fca6cbbd77ed17e21d",Article,"Final","All Open Access, Green",Scopus,2-s2.0-33747863983
"Acharya, V.V., Hasan, I., Saunders, A.","7005203497;7003267147;7201876725;","Should banks be diversified? Evidence from individual bank loan portfolios",2006,"Journal of Business","79","3",,"1355","1412",,259,"10.1086/500679","https://www.scopus.com/inward/record.uri?eid=2-s2.0-33646862390&doi=10.1086%2f500679&partnerID=40&md5=1ecc8ccb247aa48efc0d96726abc55d5",Review,"Final","All Open Access, Green",Scopus,2-s2.0-33646862390
"Acharya, V.V., Bisin, A.","7005203497;6603061995;","Optimal financial-market integration and security design",2005,"Journal of Business","78","6",,"2397","2433",,9,"10.1086/497041","https://www.scopus.com/inward/record.uri?eid=2-s2.0-32144450982&doi=10.1086%2f497041&partnerID=40&md5=2be70ad5fe4e81535f118daf6d493d28",Article,"Final","",Scopus,2-s2.0-32144450982
"Acharya, V.V., Pedersen, L.H.","7005203497;7201717879;","Asset pricing with liquidity risk",2005,"Journal of Financial Economics","77","2",,"375","410",,1107,"10.1016/j.jfineco.2004.06.007","https://www.scopus.com/inward/record.uri?eid=2-s2.0-22144449932&doi=10.1016%2fj.jfineco.2004.06.007&partnerID=40&md5=6ef7aad4f407dd9fa8a0dac9827b12f7",Article,"Final","All Open Access, Green",Scopus,2-s2.0-22144449932
"Acharya, V.V.","7005203497;","Is the International Convergence of Capital Adequacy Regulation Desirable?",2003,"Journal of Finance","58","6",,"2745","2782",,87,"10.1046/j.1540-6261.2003.00621.x","https://www.scopus.com/inward/record.uri?eid=2-s2.0-0345447630&doi=10.1046%2fj.1540-6261.2003.00621.x&partnerID=40&md5=81aa68a55d1fce255e6e67f3436ef4cc",Review,"Final","",Scopus,2-s2.0-0345447630
"Acharya, V.V., Das, S.R., Sundaram, R.K.","7005203497;55446106100;7005922758;","Pricing Credit Derivatives with Rating Transitions",2002,"Financial Analysts Journal","58","3",,"28","42+44",,23,"10.2469/faj.v58.n3.2536","https://www.scopus.com/inward/record.uri?eid=2-s2.0-0344539359&doi=10.2469%2ffaj.v58.n3.2536&partnerID=40&md5=5ae1afeeeab9765a84b2d09d2b2dc783",Article,"Final","All Open Access, Green",Scopus,2-s2.0-0344539359
"Acharya, V.V., Carpenter, J.N.","7005203497;7402041076;","Corporate Bond Valuation and Hedging with Stochastic Interest Rates and Endogenous Bankruptcy",2002,"Review of Financial Studies","15","5",,"1355","1383",,69,"10.1093/rfs/15.5.1355","https://www.scopus.com/inward/record.uri?eid=2-s2.0-0036425457&doi=10.1093%2frfs%2f15.5.1355&partnerID=40&md5=919451984994b180d03ae9c83ddc6848",Article,"Final","",Scopus,2-s2.0-0036425457
"Acharya, V.V.","7005203497;","Competition among banks, capital requirements and international spillovers",2001,"Economic Notes","30","3",,"337","358",,2,"10.1111/1468-0300.00062","https://www.scopus.com/inward/record.uri?eid=2-s2.0-0035667442&doi=10.1111%2f1468-0300.00062&partnerID=40&md5=1aeb4b0d003eb349d4e700edb52b0d61",Article,"Final","",Scopus,2-s2.0-0035667442
"Acharya, V.V., John, K., Sundaram, R.K.","7005203497;7102914448;7005922758;","On the optimality of resetting executive stock options",2000,"Journal of Financial Economics","57","1",,"65","101",,91,"10.1016/S0304-405X(00)00051-9","https://www.scopus.com/inward/record.uri?eid=2-s2.0-0034215912&doi=10.1016%2fS0304-405X%2800%2900051-9&partnerID=40&md5=2df823421ece2368e4338c7a7cac2fea",Article,"Final","All Open Access, Green",Scopus,2-s2.0-0034215912
